,GGAATAGTTTGTAAGACACCTGCCA+CAAAAACAAAGCGAACTGCCAAT|ACCAACACCAAAAATCGGT+TGGCATTATTACTTGCCATCA|GCTACAATTGCAGGCGTTT+TTGATGTCGAAAACACTGGAA,TGTTGGAATAGTTTGTAAGACACCT+CAAAAACAAAGCGAACTGCCAATA|TTACCAACACCAAAAATCGG+GCATTATTACTTGCCATCATTG|GCTACAATTGCAGGCGTT+TGTCGAAAACACTGGAACAT
1-mismatch-per-primer-long,1,1
1-mismatch-per-primer-long[REVERSE COMPLEMENT],0,0
1-mismatch-per-primer-short,1,1
1-mismatch-per-primer-short[REVERSE COMPLEMENT],0,0
3-mismatches-per-primer-long,0,0
3-mismatches-per-primer-long[REVERSE COMPLEMENT],0,0
3-mismatches-per-primer-short,0,0
3-mismatches-per-primer-short[REVERSE COMPLEMENT],0,0
exact-long,1,1
exact-long[REVERSE COMPLEMENT],0,0
exact-short,1,1
exact-short[REVERSE COMPLEMENT],0,0
